{
    "all_pur_mean_diff_n": [
        [
            0.6591316196581197,
            0.3937165427350428,
            0.3415773376068376,
            0.263847576923077,
            0.22132589316239315,
            0.2097240683760684,
            0.1964911196581197,
            0.16804391452991452,
            0.15299782478632476,
            0.15194208119658123,
            0.1472550128205128,
            0.1375665555555555,
            0.13573568803418806,
            0.13473363247863246,
            0.129529094017094,
            0.13134154273504275
        ]
    ],
    "all_pur_std_diff_n": [
        [
            0.0011801238259659102,
            0.0046898210376225625,
            0.005211278892100238,
            0.002177129102630293,
            0.0031554252702671016,
            0.001643001574471582,
            0.0019399577895170112,
            0.0017707728026730629,
            0.002241323973139018,
            0.0013686664176898033,
            0.001992583886491996,
            0.0005983255194936595,
            0.00045756093093204096,
            0.00021931539335728366,
            0.00017845868462615567,
            0.0003286488714193472
        ]
    ],
    "all_R2d_mean_diff_n": [
        [
            0.20045460896076106,
            0.4482911896742516,
            0.5166283210755621,
            0.6407574761605437,
            0.7253007502168854,
            0.7511599276128819,
            0.7825114416308341,
            0.8577231688708816,
            0.9028575407843248,
            0.9061551197078095,
            0.9212476124099784,
            0.9539373320862315,
            0.960378731082475,
            0.9639399936854073,
            0.9828844266011109,
            0.9762031034792092
        ]
    ],
    "all_R2d_std_diff_n": [
        [
            0.0008610941609891571,
            0.005747368789550738,
            0.007376946395709554,
            0.003965319138010154,
            0.006848351115884585,
            0.003758089871380068,
            0.004749312934564204,
            0.005049033064583931,
            0.007074325558373286,
            0.0043440980998034565,
            0.00648540745442696,
            0.0020948253564807124,
            0.001619566894767866,
            0.000782495812267214,
            0.0006622413669201476,
            0.0012043929274646852
        ]
    ]
}