{
    "all_pur_mean_diff_n": [
        [
            0.9737799627976195,
            0.8502287693452377,
            0.6068186629464289,
            0.5348897790178575,
            0.4126412425595241,
            0.3491028169642862,
            0.29405314136904764,
            0.24772064583333323,
            0.21841372098214293,
            0.20679567782738126,
            0.16877409077380967,
            0.16566627306547646,
            0.15429348288690484,
            0.14733709300595244,
            0.1419844055059524,
            0.1382734255952382
        ]
    ],
    "all_pur_std_diff_n": [
        [
            0.07320301836707922,
            0.09751555848459015,
            0.02411572559263151,
            0.014467567146506696,
            0.01578507051605958,
            0.013966668853475934,
            0.018356609506304647,
            0.0015780176599392588,
            0.010371792698999294,
            0.008311085482139173,
            0.0015267515333043592,
            0.0007484437620952476,
            0.0027064813375434335,
            0.004282586054335951,
            0.0008461118619534994,
            0.0027297423562821386
        ]
    ],
    "all_R2d_mean_diff_n": [
        [
            0.014175038697054589,
            0.08139368191066683,
            0.24060408413171794,
            0.30107372627613804,
            0.4260294060317153,
            0.5064786894891676,
            0.5895844191234444,
            0.6710811082807977,
            0.7321525381073322,
            0.75829405377291,
            0.855631222014436,
            0.8645543073174898,
            0.8988242943038469,
            0.9211406935331689,
            0.9387404317149425,
            0.9515626558936473
        ]
    ],
    "all_R2d_std_diff_n": [
        [
            0.036918225551577345,
            0.057783376879986414,
            0.01924123050204773,
            0.013135932074711606,
            0.018298657224847314,
            0.01930676575821209,
            0.030741209313279616,
            0.0030689592222983408,
            0.02247925235671595,
            0.019264418242104252,
            0.0043496244604183335,
            0.0021756384925230693,
            0.0084344108966413,
            0.014067714548802688,
            0.002871424150744794,
            0.009560756645917882
        ]
    ]
}