{
    "all_pur_mean_diff_n": [
        [
            0.8583331502976196,
            0.7055489188988093,
            0.4646535312500002,
            0.41064627901785705,
            0.3175565922619052,
            0.2765363117559523,
            0.22733848065476203,
            0.1954654092261909,
            0.1776961651785716,
            0.1672360409226191,
            0.14935908705357134,
            0.1462014590773811,
            0.13880331398809528,
            0.135372150297619,
            0.13282417187499995,
            0.13059576488095234
        ]
    ],
    "all_pur_std_diff_n": [
        [
            0.05488211200484405,
            0.07196604743426657,
            0.02161960761807122,
            0.005352949466545997,
            0.005615483704492041,
            0.009733120061936797,
            0.010443723393605947,
            0.003227824074786718,
            0.006594761891838266,
            0.0008995833274230691,
            0.0008380996234009793,
            0.0015702997430400503,
            0.0006645623479594428,
            0.0016574410443453084,
            0.0004708098078446205,
            0.0012063071375941108
        ]
    ],
    "all_R2d_mean_diff_n": [
        [
            0.07446565657228425,
            0.17034594330188005,
            0.3691186601780542,
            0.4280515763691264,
            0.5517132568567488,
            0.6184539570015319,
            0.7128812671015569,
            0.7850707834836391,
            0.8311658320455054,
            0.8600210400270366,
            0.9143885800489824,
            0.9246846607728724,
            0.9496342119371483,
            0.9617016963898282,
            0.9708064848852306,
            0.978960577477194
        ]
    ],
    "all_R2d_std_diff_n": [
        [
            0.031195337849081274,
            0.05074712626173694,
            0.02260665963268965,
            0.0062796999416274675,
            0.008499054931746523,
            0.017054858305705356,
            0.022472922554243963,
            0.007967579020033979,
            0.01769042279428363,
            0.0025819878613713544,
            0.002693714382165287,
            0.005182864847469843,
            0.002304401462115619,
            0.005880913492670233,
            0.0017066515327241938,
            0.004453031855568731
        ]
    ]
}