{
    "all_pur_mean_diff_n": [
        [
            0.7308035470085471,
            0.4403344145299144,
            0.39214708974358975,
            0.2927343931623931,
            0.24665647008547023,
            0.22676286752136746,
            0.21005234188034194,
            0.1772606623931624,
            0.15933189743589748,
            0.15406657692307693,
            0.15129823931623926,
            0.1420241452991454,
            0.13844598717948722,
            0.13768880341880343,
            0.1310136837606838,
            0.13123222222222225
        ]
    ],
    "all_pur_std_diff_n": [
        [
            0.00024329178027625742,
            0.00300223343841025,
            0.0009497967991499208,
            0.0010610959677039148,
            0.004635701339741368,
            0.0030597924643994234,
            0.0033562836719506807,
            0.0012705923191914353,
            0.00114583846867533,
            0.0011013606124531691,
            0.0013146245901770196,
            0.0003590669554465886,
            0.0012306262685399434,
            0.0011368651744453524,
            0.0004473940172564565,
            0.00038036157598098514
        ]
    ],
    "all_R2d_mean_diff_n": [
        [
            0.15081484620607097,
            0.3944540443312739,
            0.45017914581115054,
            0.5907817768938617,
            0.673227231560341,
            0.7136247393091059,
            0.7504541065872035,
            0.8320309572105131,
            0.8833100543665822,
            0.8994703092012014,
            0.9081957182992504,
            0.9385988268195303,
            0.9508872312980098,
            0.9535220237302271,
            0.9774063303314077,
            0.9766040544703865
        ]
    ],
    "all_R2d_std_diff_n": [
        [
            0.00016008541030542153,
            0.003286754389855972,
            0.001165714317916892,
            0.001745211755818347,
            0.009089457266914583,
            0.006459395626559685,
            0.007650407446999083,
            0.0034556834959654364,
            0.0034498681930854765,
            0.0034299617085323353,
            0.004166892133902186,
            0.0012149612845978918,
            0.0042657532173988304,
            0.003973457770900076,
            0.0016402357595749382,
            0.0013947989354036216
        ]
    ]
}