{
    "all_pur_mean_diff_n": [
        [
            0.9698208078692098,
            0.6802667371643277,
            0.4510161951864842,
            0.2814021416359374,
            0.20241145721167653,
            0.14078846482083524,
            0.10135962816165363,
            0.07169112989139441,
            0.05629062378286589,
            0.04814325054984864,
            0.041519716610719376,
            0.03703306179549687,
            0.0346848244048975,
            0.033688135839555884,
            0.033176336258245606,
            0.03179491815203409
        ]
    ],
    "all_pur_std_diff_n": [
        [
            0.04232876529901835,
            0.03134083967479418,
            0.005566573730784483,
            0.0052058650839692765,
            0.005007210241374711,
            0.00273826449467751,
            0.002858925938166754,
            0.0009775608287707655,
            0.0007748020644378155,
            0.002068196897346169,
            0.0008237589396717687,
            0.0018802924432605225,
            0.0017388711012620713,
            0.0006848097717905453,
            0.0008398846382066645,
            0.0011566820633080283
        ]
    ],
    "all_R2d_mean_diff_n": [
        [
            0.00911475378683377,
            0.11147748476533048,
            0.22977181001284178,
            0.36590791498986036,
            0.4610163473262973,
            0.5657343246117795,
            0.6606049754972005,
            0.7604390240867899,
            0.8302194701589544,
            0.8755675081373564,
            0.9180689950666415,
            0.9513832115677374,
            0.9702689924793763,
            0.9783821819684092,
            0.9828326348223038,
            0.9952002169686995
        ]
    ],
    "all_R2d_std_diff_n": [
        [
            0.012522780785473928,
            0.013479488467319388,
            0.003568754142237473,
            0.005303962106737083,
            0.007176058740474159,
            0.005608692797796433,
            0.00820247391592876,
            0.003922061968777938,
            0.003952590134923624,
            0.012280726835941298,
            0.005746343876017122,
            0.01473330764032392,
            0.014347278355625838,
            0.0058245141735584535,
            0.0072957637771770695,
            0.010384196531306088
        ]
    ]
}