{
    "all_vNd_diff_n": [
        [
            0.0,
            1.653886926207132e-06,
            1.5027598150167993e-06,
            1.5751108376101617e-06,
            1.5281612806946553e-06,
            1.5907324214114332e-06,
            1.6174624038939834e-06,
            1.5963996559640533e-06,
            1.6378925576196688e-06,
            1.5408728497335524e-06,
            1.5267979069936499e-06,
            1.6717612000558672e-06,
            1.5812365927506732e-06,
            1.60282465806003e-06,
            1.6614940502278691e-06,
            1.5498835574054676e-06
        ]
    ],
    "all_pur_diff_n": [
        [
            1.0,
            0.9999993811066767,
            0.9999994396502903,
            0.9999994116111861,
            0.9999994287557095,
            0.9999994058456483,
            0.9999993964091445,
            0.9999994023725179,
            0.9999993885601779,
            0.9999994256480431,
            0.9999994309603274,
            0.9999993747792743,
            0.9999994085218635,
            0.9999994015635277,
            0.9999993789833361,
            0.9999994219864551
        ]
    ],
    "all_R2d_diff_n": [
        [
            -0.0,
            1.7857492091970345e-07,
            1.6168279478168994e-07,
            1.6977317473007868e-07,
            1.6482630809682378e-07,
            1.7143675827932873e-07,
            1.7415955935722678e-07,
            1.724388924597447e-07,
            1.7642429376754832e-07,
            1.657229915758033e-07,
            1.6419018946244657e-07,
            1.8040062449444576e-07,
            1.7066456532782553e-07,
            1.7267231783162757e-07,
            1.7918758789444529e-07,
            1.667795031638803e-07
        ]
    ]
}