{
    "all_vNd_diff_n": [
        [
            0.0,
            0.24230104075783246,
            0.42277296107358814,
            0.548705334885253,
            0.6519853866632886,
            0.7292852460720808,
            0.7883083128894054,
            0.8351174526608923,
            0.8718712529271434,
            0.9006583235010944,
            0.9228683422417793,
            0.939705240896406,
            0.9536778712629826,
            0.9643182688085704,
            0.9723079097884995,
            0.9788240493841376
        ]
    ],
    "all_pur_diff_n": [
        [
            1.0,
            0.8073881125833252,
            0.64233283032495,
            0.5204244918498961,
            0.4225643343844637,
            0.35001865096093737,
            0.29546297615274775,
            0.25366992796962695,
            0.2217776227700414,
            0.19766697964290153,
            0.17974533569253626,
            0.16664302109574414,
            0.15609737549124053,
            0.14835413118689894,
            0.14272296961175354,
            0.13825021214503297
        ]
    ],
    "all_R2d_diff_n": [
        [
            -0.0,
            0.10288858304772454,
            0.2128690196186833,
            0.3140797453796161,
            0.41425236332856236,
            0.5048320986271155,
            0.5863169114184742,
            0.6596585312590291,
            0.7242714297047338,
            0.7796187355142044,
            0.8253245869997259,
            0.8617223984431052,
            0.893160604600726,
            0.917627664359501,
            0.9362368521006558,
            0.9515488002030937
        ]
    ]
}