{
    "all_vNd_diff_n": [
        [
            0.0,
            0.27126253404950507,
            0.47247997291098887,
            0.6362920454940395,
            0.7525695689092641,
            0.8370841936192781,
            0.8926343460974394,
            0.9298165105884605,
            0.954225980354875,
            0.9704206415921055,
            0.9810360593905194,
            0.987916947038596,
            0.9924146044713412,
            0.9951930141045269,
            0.9970043072786787,
            0.9981124720463217
        ]
    ],
    "all_pur_diff_n": [
        [
            1.0,
            0.664618411730855,
            0.43200678528689695,
            0.27394554918110203,
            0.17746272578314518,
            0.11755789585578134,
            0.08233792754244784,
            0.06140442528210348,
            0.04907982335373192,
            0.04176720701688779,
            0.037470550862874305,
            0.03494125444739597,
            0.03342811039905732,
            0.03255854009630997,
            0.03203021266862902,
            0.03172364417826231
        ]
    ],
    "all_R2d_diff_n": [
        [
            -0.0,
            0.1178803669484115,
            0.24217482454468625,
            0.37360778613079976,
            0.4988824123355757,
            0.6177113306103054,
            0.7204598107003032,
            0.8051027117137457,
            0.8697452266517397,
            0.9162971032821273,
            0.9476198005144395,
            0.9677849571022374,
            0.9805588768350025,
            0.9881640356448825,
            0.9928845625349989,
            0.9956595366095696
        ]
    ]
}