{
    "all_vNd_diff_n": [
        [
            0.0,
            0.19793033396257453,
            0.3315901953668593,
            0.4368521117831996,
            0.5274123733167291,
            0.6031939286899003,
            0.6595377004815355,
            0.7127661858113269,
            0.7548328764845917,
            0.7914456334139331,
            0.821622448787729,
            0.8473000499671135,
            0.8695249307034696,
            0.8882064589516849,
            0.903787848739585,
            0.9176797488905989
        ]
    ],
    "all_pur_diff_n": [
        [
            1.0,
            0.8931151686595882,
            0.7998146672059383,
            0.7195091977911516,
            0.6466970468507991,
            0.5837178711675735,
            0.5360218102692491,
            0.4904901059678894,
            0.4543164368758276,
            0.42279354956916415,
            0.396835501873306,
            0.37484199103386817,
            0.3559027637614991,
            0.34008089432516675,
            0.3269788693430241,
            0.3153778786192745
        ]
    ],
    "all_R2d_diff_n": [
        [
            -0.0,
            0.0815409348316155,
            0.1611311784930358,
            0.23745748261074467,
            0.3144190362846775,
            0.3883284281441696,
            0.44981819549103425,
            0.5138520298993301,
            0.5691152963859404,
            0.6209873643761546,
            0.6666934981833132,
            0.7078227586946019,
            0.7452224793767759,
            0.7780250684381232,
            0.8063653443817603,
            0.8324233126957689
        ]
    ]
}