{
    "all_vNd_diff_n": [
        [
            0.23651224064930576,
            0.4130701373222385,
            0.54298793639344,
            0.6451309863118496,
            0.7256568195090356,
            0.7863029035860549,
            0.8318815956532046,
            0.8660851726212914,
            0.893285053504555,
            0.9150353095192858,
            0.9343025104998546,
            0.9492685002433591,
            0.9612133449953476,
            0.9701286675394991,
            0.9771073763649024
        ]
    ],
    "all_pur_diff_n": [
        [
            0.8102454524427598,
            0.6481352630788141,
            0.5252689720168406,
            0.4280358019716699,
            0.3528813568783402,
            0.29702714966148397,
            0.2562293159145335,
            0.22630899266219395,
            0.20331243357556497,
            0.18555999443475918,
            0.17050311650515607,
            0.15920188256274398,
            0.15048889677419433,
            0.14416780025693932,
            0.13935803759542623
        ]
    ],
    "all_R2d_diff_n": [
        [
            0.1011896921815759,
            0.20854438867437688,
            0.3096239096071313,
            0.40806554087919206,
            0.5009149606563434,
            0.5837777629348844,
            0.6548308489931017,
            0.7145447273023371,
            0.7660765496551353,
            0.8100141289519017,
            0.8507099951335723,
            0.8836902330105669,
            0.9107570158339654,
            0.9313930396382889,
            0.9477106271203043
        ]
    ],
    "duration": 3072815736
}