{
    "all_vNd_diff_n": [
        [
            0.2987414940317152,
            0.5288433946474471,
            0.6763867956142467,
            0.7793538658420965,
            0.849708733410127,
            0.8983916452393522,
            0.9311882044839429,
            0.9539992951258501,
            0.9693854308699488,
            0.9800595216840747,
            0.9870579451649917,
            0.9917266365482673,
            0.9947109687980606,
            0.9966521857178972,
            0.9979118715677343,
            0.9986926645048957
        ]
    ],
    "all_pur_diff_n": [
        [
            0.6458078596242018,
            0.39448397211043584,
            0.24914589978480015,
            0.16180169001116546,
            0.10951057917001784,
            0.0783070679583735,
            0.05973499063591853,
            0.04847346077227828,
            0.04172826853891087,
            0.03757741078825309,
            0.035097377078681,
            0.03357321144443135,
            0.03266393657761137,
            0.03210782457860066,
            0.03176662886773705,
            0.031564030983602984
        ]
    ],
    "all_R2d_diff_n": [
        [
            0.12616461918230598,
            0.2683922820357003,
            0.4009874526450356,
            0.5255402836315655,
            0.6381715696169554,
            0.7349427318838739,
            0.813055986232826,
            0.873332220419352,
            0.9165662261430997,
            0.9467981052400543,
            0.966498594338853,
            0.9793091290384275,
            0.9872315036650556,
            0.9921862538427604,
            0.9952688386028405,
            0.9971149457522495
        ]
    ],
    "duration": 1088150027
}