{
    "all_vNd_diff_n": [
        [
            0.29149361464804124,
            0.5063230592600517,
            0.6622861978261813,
            0.7787138233140634,
            0.8561585421392572,
            0.9076737829187369,
            0.9418194482915975,
            0.963947696106929,
            0.9780964873335645,
            0.9868771405743271,
            0.9922482572385811,
            0.9954712698192437,
            0.9973960133392771,
            0.9985034402470018,
            0.9991383354195356,
            0.9994987469419732
        ]
    ],
    "all_pur_diff_n": [
        [
            0.5936741910502943,
            0.3384323920938788,
            0.19514820581946118,
            0.1136673766611516,
            0.06898840713479201,
            0.04470908383521107,
            0.03151318996567564,
            0.024290584077215197,
            0.02033488140842628,
            0.01818063468957259,
            0.01701300198350579,
            0.01637968348608892,
            0.01603434553080659,
            0.01584934380944562,
            0.01574945705307795,
            0.015695327938425856
        ]
    ],
    "all_R2d_diff_n": [
        [
            0.1253761165112403,
            0.26051007272804233,
            0.39289298268308864,
            0.5228516408169467,
            0.6429170398509547,
            0.7472147011423554,
            0.8313167315420374,
            0.893909834863415,
            0.9366499354407366,
            0.9635756040987961,
            0.9795364099063747,
            0.9886581184234534,
            0.993781786809183,
            0.9965721797119321,
            0.9980923492977545,
            0.9989201694745294
        ]
    ],
    "duration": 2711588608
}