{
    "all_vNd_diff_n": [
        [
            0.29304316687772997,
            0.4995842554582129,
            0.6446591301636196,
            0.744426656050319,
            0.82134931194232,
            0.8773325282626084,
            0.9166332121755227,
            0.9458143689144034,
            0.9642357899287243,
            0.9764368520890817,
            0.9848907906234688,
            0.990269939615181,
            0.9937873338869896,
            0.9961953873452176,
            0.9976646970468541,
            0.9985744231102421
        ]
    ],
    "all_pur_diff_n": [
        [
            0.5377761860354894,
            0.2830481072456473,
            0.1512448499417822,
            0.08538487150929237,
            0.04983269483439954,
            0.03078076749258403,
            0.02064326726613836,
            0.014859524309768805,
            0.011847390415959122,
            0.010179684156646303,
            0.009208081826227786,
            0.008656296717986931,
            0.008328190129662854,
            0.008119160791088896,
            0.00799701531086197,
            0.007923639293201999
        ]
    ],
    "all_R2d_diff_n": [
        [
            0.12784603201594927,
            0.26012583122239413,
            0.38929172529453954,
            0.5071251019971333,
            0.6181090851577815,
            0.7174038550387183,
            0.7997406945239965,
            0.8674954653436802,
            0.9141838390207866,
            0.9454519128462685,
            0.966126232977642,
            0.9788620474820707,
            0.9868258970609227,
            0.992064809816793,
            0.9951889478030059,
            0.9970887255082894
        ]
    ],
    "duration": 9576172181
}