{
    "all_vNd_diff_n": [
        [
            0.313848302056539,
            0.5349978992554288,
            0.6861350625765438,
            0.7968805464613011,
            0.8742806414211893,
            0.9241815850359703,
            0.9545024164756147,
            0.9730837576949259,
            0.9842911203464132,
            0.9909400504589672,
            0.9948129473758515,
            0.9970207662212849,
            0.9983335213815062,
            0.9990964435507855,
            0.9995209633585411,
            0.9997410708558516
        ]
    ],
    "all_pur_diff_n": [
        [
            0.4761054938425355,
            0.2161524793046625,
            0.10098285061471948,
            0.048383051962191025,
            0.024011269084097803,
            0.013108587743809139,
            0.008210429991885346,
            0.005972928717860765,
            0.00492499471977362,
            0.004422665105641936,
            0.004175512194303105,
            0.004051123495751459,
            0.003983861491392825,
            0.003947191643674766,
            0.003927575975529548,
            0.003917650493029862
        ]
    ],
    "all_R2d_diff_n": [
        [
            0.1338308523066762,
            0.27623483882600985,
            0.4134772233004507,
            0.5461693016997197,
            0.6725180665549093,
            0.7816679906084218,
            0.8660408130863939,
            0.9234182225242693,
            0.9582077633558092,
            0.9776085353088924,
            0.9879788882838945,
            0.993432777423474,
            0.9964520993970456,
            0.9981197147672042,
            0.9990181376495249,
            0.9994744486329677
        ]
    ],
    "duration": 64644394183
}