{
    "all_vNd_diff_n": [
        [
            0.3116360002060885,
            0.555017705084289,
            0.7134223694777143,
            0.8161305294508411,
            0.8848354494475359,
            0.9306933306177334,
            0.9595145967536425,
            0.9772200250595533,
            0.9875886258107293,
            0.9934265518827013,
            0.9965384695308701,
            0.9981968270721284,
            0.9990344378041317,
            0.9994800521047418,
            0.9997226151265518,
            0.9998488746066305
        ]
    ],
    "all_pur_diff_n": [
        [
            0.4324241343979551,
            0.16972121182027175,
            0.06784040458858205,
            0.028809795796810207,
            0.013155700108305801,
            0.006730413566868563,
            0.004059637417111094,
            0.002902479462561292,
            0.002390218012650005,
            0.0021570533593820865,
            0.0020512530644932873,
            0.0020012192472836877,
            0.0019779024771234993,
            0.0019661716790547595,
            0.001959996852149658,
            0.001956842721679002
        ]
    ],
    "all_R2d_diff_n": [
        [
            0.13438678334056364,
            0.2843068011305267,
            0.43130126842902494,
            0.5685885283367734,
            0.6942409070189989,
            0.801676569682907,
            0.8827148227240458,
            0.9364998250881938,
            0.9676268968575275,
            0.9840802688376543,
            0.992142088398946,
            0.9961005612922877,
            0.9979792211819193,
            0.9989327762811361,
            0.9994369941509108,
            0.9996951642782498
        ]
    ],
    "duration": 481905458708
}