{
    "all_vNd_diff_n": [
        0.31401684197674573,
        0.5536975239085029,
        0.7188765961785555,
        0.831974793575933,
        0.9010756776378693,
        0.9430651945806225,
        0.9677686883207487,
        0.9818866308975263,
        0.9898985727030937,
        0.9943429521717688,
        0.9969195404310585,
        0.9983079992075867,
        0.9990858110945281,
        0.999492596763494,
        0.9997118302537249,
        0.9998332603793514
    ],
    "all_pur_diff_n": [
        0.3908001888685289,
        0.13852929698614072,
        0.04923817201812439,
        0.01796306951506587,
        0.007193305524214773,
        0.0033470801494373116,
        0.0019290204894018303,
        0.001385274172514468,
        0.0011637698026636023,
        0.0010682180734420967,
        0.0010225705323001848,
        0.0010006658797455043,
        0.0009892638898549274,
        0.000983523338051203,
        0.000980490313939006,
        0.0009788284466929738
    ],
    "all_R2d_diff_n": [
        0.13554969303455877,
        0.28517369767579714,
        0.4344078987443418,
        0.5798822292046256,
        0.7119129403077966,
        0.822288118633819,
        0.901791581737594,
        0.9495612742913861,
        0.9746978567824091,
        0.9870578085803672,
        0.9933583927470355,
        0.9964823942955994,
        0.998135696291059,
        0.9989753092890833,
        0.9994209001147512,
        0.9996656349948119
    ],
    "duration": 3751419750655
}
