{
    "all_vNd_diff_n": [
        0.31401684197674573
    ],
    "all_pur_diff_n": [
        0.3908001888685289
    ],
    "all_R2d_diff_n": [
        0.13554969303455877
    ]
}
