{
    "all_vNd_diff_n": [
        0.3154961764686874,
        0.5487047612476131,
        0.7192878499718601,
        0.832003033904136,
        0.9033085393645398,
        0.9446565892453634,
        0.9692532928100437,
        0.9829372629928634,
        0.9907957563685926,
        0.9950765637009081,
        0.9974363533551579,
        0.998629596140799,
        0.9992576344624527,
        0.9995980705837478,
        0.9997906229309294,
        0.9998931239628907
    ],
    "all_pur_diff_n": [
        0.35218195984308726,
        0.11439806356029787,
        0.03611625167552707,
        0.011855803509383372,
        0.004226198274196838,
        0.0018136067608528197,
        0.0009881315458074543,
        0.0006964819363594418,
        0.0005804308853275119,
        0.000531762063445958,
        0.0005092923595388607,
        0.0004990435053735764,
        0.00049397827882146,
        0.0004913275613791365,
        0.0004898570564092284,
        0.0004890821949582769
    ],
    "all_R2d_diff_n": [
        0.13687337130800084,
        0.28435140576017887,
        0.435564365387563,
        0.5816602497398838,
        0.7169476210040994,
        0.8279020554828116,
        0.9075462968196042,
        0.9534205857567198,
        0.9773261900734153,
        0.9888119565732861,
        0.9944743914204167,
        0.9971406170848399,
        0.9984786158573496,
        0.9991842917414894,
        0.999577414276989,
        0.9997850395676126
    ],
    "duration": 30113787702938
}
