{
    "all_vNd_diff_n": [
        0.3187352186288098
    ],
    "all_pur_diff_n": [
        0.3171830912914806
    ],
    "all_R2d_diff_n": [
        0.13805101920027144
    ]
}
