{
    "all_vNd_diff_n": [
        [
            0.19793033465142076,
            0.3315901964326688,
            0.43685211308213856,
            0.5274123747767103,
            0.6031939302356928,
            0.6595377020288545,
            0.7127661873490101,
            0.7548328779748321,
            0.791445634841204,
            0.8216224501381976,
            0.8473000512350551,
            0.8695249318851145,
            0.8882064600465422,
            0.9037878497498169,
            0.917679749817277
        ]
    ],
    "all_pur_diff_n": [
        [
            0.8931151682043321,
            0.7998146664133636,
            0.7195091967646746,
            0.6466970456513733,
            0.5837178698665916,
            0.536021808950261,
            0.4904901046469769,
            0.45431643559218726,
            0.42279354834035277,
            0.3968355007138044,
            0.37484198995010887,
            0.35590276275737337,
            0.34008089340095393,
            0.3269788684962574,
            0.315377877848567
        ]
    ],
    "all_R2d_diff_n": [
        [
            0.0815409351993148,
            0.1611311792078536,
            0.23745748363984429,
            0.31441903762255713,
            0.38832842975189846,
            0.4498181972660531,
            0.5138520318419523,
            0.569115298424059,
            0.6209873664726863,
            0.6666935002909967,
            0.7078227607801929,
            0.7452224814119486,
            0.7780250703984763,
            0.8063653462498109,
            0.8324233144585683
        ]
    ],
    "duration": 1869631521
}