{
    "all_vNd_diff_n": [
        [
            0.24146071205057815,
            0.4158443407415937,
            0.5574726428825493,
            0.6565245828517128,
            0.7350934337319558,
            0.7935248042924403,
            0.8382376018497636,
            0.8723497411744899,
            0.8995020299496482,
            0.9218211663015629,
            0.939227380517563,
            0.9529800048171703,
            0.9634655157515338,
            0.9714041113702102,
            0.9777016290589232,
            0.982177491285977
        ]
    ],
    "all_pur_diff_n": [
        [
            0.8083904480975187,
            0.6494114209550631,
            0.5149338393486051,
            0.41886323088549987,
            0.3444510830145058,
            0.29074929894547974,
            0.2509203383074887,
            0.2213607527632722,
            0.19859484320171292,
            0.18053431243377113,
            0.16695711978462138,
            0.15658255076882946,
            0.14891235641970563,
            0.14327345528443408,
            0.13893439499945717,
            0.13593251764267306
        ]
    ],
    "all_R2d_diff_n": [
        [
            0.10229193996130304,
            0.20759844596791036,
            0.31918033787048444,
            0.418482949791084,
            0.5125429935875657,
            0.5940507939366726,
            0.6648995606624526,
            0.7251762132547884,
            0.777366644389546,
            0.8232183441456145,
            0.8608168257745747,
            0.8916682147372418,
            0.9158215414466758,
            0.9343855843651149,
            0.949174764535594,
            0.9596791591374765
        ]
    ],
    "duration": 79519632
}