{
    "all_vNd_diff_n": [
        [
            0.2840253301878182,
            0.4894960628256192,
            0.635329463781737,
            0.7370927718746862,
            0.8116080052980992,
            0.8639019125453262,
            0.9038723771928339,
            0.9319271689976099,
            0.9518075671587668,
            0.9658703897627597,
            0.9760566337923287,
            0.9834562827938568,
            0.9886395014614267,
            0.9921825836551046,
            0.9946549127634777,
            0.9963522462087067
        ]
    ],
    "all_pur_diff_n": [
        [
            0.7212530085585659,
            0.5029583672822663,
            0.35516351095163984,
            0.25813844615327136,
            0.19240905016374416,
            0.14976045149040365,
            0.12006171466960866,
            0.10076151534664826,
            0.08802237950412012,
            0.07962218770582304,
            0.0739210583784111,
            0.07004023345278086,
            0.06747316128218941,
            0.06580154206432262,
            0.0646894153787463,
            0.06395459421916387
        ]
    ],
    "all_R2d_diff_n": [
        [
            0.11785566580277135,
            0.24787227749208993,
            0.37336118156084286,
            0.4884457669923005,
            0.5944378588730198,
            0.6848178513702954,
            0.7645379794286642,
            0.8277458427328686,
            0.8764964543049518,
            0.9126714195481166,
            0.9394676942050192,
            0.9589180743284551,
            0.9723856081431438,
            0.9814336989365214,
            0.9875816287779933,
            0.9917020475061501
        ]
    ],
    "duration": 102306027
}