{
    "all_vNd_diff_n": [
        [
            0.27370786208689357,
            0.4704086833858868,
            0.6157502804420784,
            0.7210160165851777,
            0.7920630932118954,
            0.8453509400601009,
            0.8858041427979636,
            0.9158364243732184,
            0.9397874993195758,
            0.9568806054178327,
            0.9693060415505227,
            0.9781510222687391,
            0.9846176213890561,
            0.9893235774255943,
            0.9926597685656906
        ]
    ],
    "all_pur_diff_n": [
        [
            0.7260036688435287,
            0.5169525538359152,
            0.37014837101206705,
            0.26896511639413345,
            0.20425978572095219,
            0.16041421346129697,
            0.1298396444700832,
            0.10902475869057789,
            0.09398766185273963,
            0.08392830135334574,
            0.07708838430328072,
            0.07246302437293281,
            0.06925532094224672,
            0.0670265900731043,
            0.06551835927422046
        ]
    ],
    "all_R2d_diff_n": [
        [
            0.11548781400508595,
            0.23797405488598622,
            0.358456103863034,
            0.4736272553113182,
            0.5728807244805032,
            0.6600315294493657,
            0.7362992850760881,
            0.7993180744115994,
            0.8528462022678328,
            0.8936747019371343,
            0.9243356747255066,
            0.9466527923222102,
            0.9629828177323261,
            0.9747806625195781,
            0.9829892401608847
        ]
    ],
    "duration": 868023986
}