{
    "all_vNd_diff_n": [
        [
            0.27126253485713775,
            0.4724799741211476,
            0.6362920468493483,
            0.7525695702260096,
            0.8370841947794293,
            0.8926343470621869,
            0.929816511357151,
            0.9542259809483594,
            0.9704206420379083,
            0.9810360597178545,
            0.987916947274396,
            0.9924146046372758,
            0.9951930142206837,
            0.9970043073582475,
            0.9981124721007136
        ]
    ],
    "all_pur_diff_n": [
        [
            0.6646184106449677,
            0.4320067838654428,
            0.27394554782936714,
            0.17746272466398788,
            0.11755789500662782,
            0.08233792692890372,
            0.06140442485403175,
            0.049079823062218544,
            0.04176720682228533,
            0.037470550734419586,
            0.03494125436331322,
            0.033428110344714275,
            0.03255854006098745,
            0.03203021264591432,
            0.03172364416354592
        ]
    ],
    "all_R2d_diff_n": [
        [
            0.11788036741984116,
            0.24217482549408104,
            0.3736077875545435,
            0.4988824141552285,
            0.6177113326945032,
            0.7204598128503623,
            0.805102713725252,
            0.8697452283655392,
            0.916297104626493,
            0.9476198015035949,
            0.9677849577965787,
            0.9805588773040717,
            0.9881640359579164,
            0.9928845627396209,
            0.9956595367434209
        ]
    ]
}