{
    "all_vNd_diff_n": [
        [
            0.2787258170614874,
            0.4807466798098175,
            0.6280712685587981,
            0.7378279589890578,
            0.8203800630760958,
            0.8777169759349149,
            0.9185669854125779,
            0.9459461439385786,
            0.9646137173544572,
            0.9772217628113286,
            0.9851656820689708,
            0.9904170593523034,
            0.9938166367881369,
            0.996032795070741,
            0.99746393969369
        ]
    ],
    "all_pur_diff_n": [
        [
            0.6592617184040096,
            0.4263443822440515,
            0.2766759648194205,
            0.18221311378989086,
            0.12286414838635064,
            0.08686704541360782,
            0.06478711127555827,
            0.05152407861493429,
            0.043471209947931924,
            0.03855335881600623,
            0.03570438709900668,
            0.03395895721112251,
            0.032909608758779275,
            0.032268488759602955,
            0.031877881551745965
        ]
    ],
    "all_R2d_diff_n": [
        [
            0.12021535692125045,
            0.24598176958234644,
            0.3707461548369298,
            0.49126026038897075,
            0.6049728188961112,
            0.7050094442856765,
            0.7896298714697065,
            0.855721877786805,
            0.9047591877225288,
            0.9393999269587606,
            0.9615509673218922,
            0.9760128063030236,
            0.985069462897218,
            0.9907460353126885,
            0.9942600863448563
        ]
    ],
    "duration": 4311623930
}