{
    "all_vNd_diff_n": [
        [
            0.3045735389104757,
            0.527305160271344,
            0.6780108448780319,
            0.7821104250919415,
            0.8566458670577412,
            0.907194172253753,
            0.9409912366430421,
            0.9633333815393083,
            0.97783257839027,
            0.9868560955570495,
            0.9922268283735884,
            0.995466593805586,
            0.9973961833414379,
            0.9985105012413834,
            0.9991545973829806
        ]
    ],
    "all_pur_diff_n": [
        [
            0.5855825449865211,
            0.3278977970176166,
            0.1865265837145642,
            0.11009244412847413,
            0.06734231734415372,
            0.04409458566857881,
            0.03127229617153222,
            0.024198408126294438,
            0.020272356185528848,
            0.018130553292774236,
            0.01699030908401397,
            0.016369114031058177,
            0.016029295759383683,
            0.01584594616214613,
            0.015746044694487177
        ]
    ],
    "all_R2d_diff_n": [
        [
            0.12867592406697378,
            0.26811364764583506,
            0.40375780621251894,
            0.5305354396206503,
            0.6487238037638495,
            0.7505424450403709,
            0.8331618394320449,
            0.8948240076232108,
            0.937390401965399,
            0.9642388728471804,
            0.9798573486364858,
            0.9888133251490258,
            0.993857524518694,
            0.9966237306829947,
            0.9981444519003776
        ]
    ],
    "duration": 6635791896
}