{
    "all_vNd_diff_n": [
        [
            0.3127624187729234,
            0.5557120575694683,
            0.7206347679281527,
            0.8306650628429469,
            0.9009561238525846,
            0.9431223141201791,
            0.9678152551142402,
            0.9819332082855267,
            0.9900570872112576,
            0.9946378734555569,
            0.9971713121474161,
            0.9985505563278486,
            0.9992683616636381,
            0.9996373965956679,
            0.9998217621814239
        ]
    ],
    "all_pur_diff_n": [
        [
            0.523956387339895,
            0.253772762610632,
            0.12453244110174595,
            0.06297804604852546,
            0.03364516859736735,
            0.01990767895381627,
            0.013490636106386353,
            0.010503161631643599,
            0.009089670683764145,
            0.008420159138164945,
            0.00810178923443711,
            0.007949318701267619,
            0.007877379070391962,
            0.007843194236128347,
            0.007827079205573472
        ]
    ],
    "all_R2d_diff_n": [
        [
            0.1332116234308405,
            0.28262726594621546,
            0.42934378241880605,
            0.5698581703628695,
            0.6990652627436013,
            0.8072187376347729,
            0.8874139734807526,
            0.9390046457967449,
            0.9687937511050269,
            0.9845623978090786,
            0.9925062472026738,
            0.9964218665108536,
            0.9982955118266359,
            0.9991918507948584,
            0.9996157486373495
        ]
    ],
    "duration": 15685586900
}