{
    "all_vNd_diff_n": [
        [
            0.31923923857664416,
            0.5642210051060308,
            0.7261660596557774,
            0.831147259888151,
            0.89784630513302,
            0.9389873432330678,
            0.9642520577704476,
            0.9802396285343075,
            0.9891048758448318,
            0.9940010168938576,
            0.9967145101408512,
            0.998214770380842,
            0.9990493363912583,
            0.9994793513980151,
            0.9997151445591135
        ]
    ],
    "all_pur_diff_n": [
        [
            0.47256467937498964,
            0.20190264180092374,
            0.08860850360279819,
            0.040663999199031506,
            0.02000270620770428,
            0.011143229621628054,
            0.007221438685960945,
            0.005419071776983801,
            0.004615010419109229,
            0.0042492237063155355,
            0.004076654503199743,
            0.003992630680422708,
            0.003950220770654071,
            0.0039296362807381665,
            0.00391883223652633
        ]
    ],
    "all_R2d_diff_n": [
        [
            0.13517703650704782,
            0.288533538388715,
            0.4370513789294767,
            0.5775130102866047,
            0.7054576239198606,
            0.8109610953570842,
            0.8891872498783651,
            0.9409673160686108,
            0.969931297459653,
            0.9848231232895659,
            0.9922998238970848,
            0.9960555820323181,
            0.9979813749396663,
            0.9989235623702027,
            0.9994200589420273
        ]
    ],
    "duration": 63624724700
}