{
    "all_vNd_diff_n": [
        [
            0.30988019578124887,
            0.5431223127776502,
            0.693755081167897,
            0.8039628615295992,
            0.8763808299463628,
            0.924607260901499,
            0.9548997087069976,
            0.973415011192352,
            0.9848097158161677,
            0.9917111463999277,
            0.9956332584166852,
            0.9977429574662984,
            0.9988390378348737,
            0.999396626688028,
            0.999681945658812
        ]
    ],
    "all_pur_diff_n": [
        [
            0.43284497527161764,
            0.17270294990064688,
            0.07184919919593874,
            0.030527715514618938,
            0.013989099008946532,
            0.00713805399440933,
            0.004268966262362669,
            0.0030376120216839904,
            0.0024760406294188396,
            0.002206418608084551,
            0.0020760350577797293,
            0.002013274479535251,
            0.0019829681146127454,
            0.0019682948210593843,
            0.001961014739851889
        ]
    ],
    "all_R2d_diff_n": [
        [
            0.1342308536656796,
            0.28151504105079894,
            0.4220982347485573,
            0.5593040619575215,
            0.6843947937155078,
            0.7922503855833578,
            0.8746552804054848,
            0.9292051856618551,
            0.9619721440770049,
            0.9804530839457833,
            0.9902170531250332,
            0.9951378232597805,
            0.9975692005451862,
            0.9987597726342684,
            0.9993537672398775
        ]
    ],
    "duration": 437095882966
}