{
    "all_vNd_diff_n": [
        0.3134752761856839,
        0.5478440105502553,
        0.7135392037433503,
        0.8252239742686532,
        0.8966199890559832,
        0.9413919694849778,
        0.9677943663882456,
        0.9826386163436296,
        0.9905575724524495,
        0.9949400169631255,
        0.9974079604458095,
        0.9987142451988683,
        0.9993700805455842,
        0.9996882601797421,
        0.999840871202057
    ],
    "all_pur_diff_n": [
        0.430178583153067,
        0.1717160870702348,
        0.06790407844146364,
        0.02795923778027642,
        0.012400973446269588,
        0.006209735713380481,
        0.003719176251603894,
        0.0027072502905489152,
        0.0022927619860107747,
        0.002111755332345448,
        0.002027051106370232,
        0.0019875621477140394,
        0.0019693230407313795,
        0.0019609460596168716,
        0.001957061516611367
    ],
    "all_R2d_diff_n": [
        0.13522137714147522,
        0.28243365462253467,
        0.43115088464837176,
        0.5733923510020681,
        0.7037114240737643,
        0.8145836017858723,
        0.8967556850928542,
        0.947661778998207,
        0.9742997432924491,
        0.9874823989681636,
        0.99404464687964,
        0.997198256991184,
        0.9986760554954345,
        0.999359381474386,
        0.999677242170298
    ]
}
