{
    "all_vNd_diff_n": [
        [
            0.0,
            1.6538869264670726e-06,
            1.5027598145689683e-06,
            1.5751108382645471e-06,
            1.5281612798611516e-06,
            1.5907324203578858e-06,
            1.6174624033087357e-06,
            1.5963996555294947e-06,
            1.637892557164244e-06,
            1.54087284957912e-06,
            1.5267979074600071e-06,
            1.6717611984777273e-06,
            1.581236592953718e-06,
            1.6028246572226084e-06,
            1.6614940483228006e-06,
            1.5498835572353478e-06
        ]
    ],
    "all_pur_diff_n": [
        [
            1.0,
            0.9999993811066769,
            0.9999994396502905,
            0.9999994116111857,
            0.9999994287557096,
            0.999999405845649,
            0.9999993964091449,
            0.999999402372518,
            0.9999993885601774,
            0.9999994256480433,
            0.9999994309603272,
            0.9999993747792748,
            0.999999408521863,
            0.9999994015635283,
            0.999999378983337,
            0.9999994219864544
        ]
    ],
    "all_R2d_diff_n": [
        [
            -0.0,
            1.7857492088766914e-07,
            1.6168279471762137e-07,
            1.697731748582158e-07,
            1.6482630806478953e-07,
            1.71436758087123e-07,
            1.7415955922908965e-07,
            1.7243889242771043e-07,
            1.7642429389568546e-07,
            1.6572299151173474e-07,
            1.6419018952651514e-07,
            1.8040062433427434e-07,
            1.7066456548799695e-07,
            1.7267231767145613e-07,
            1.7918758763817102e-07,
            1.66779503356086e-07
        ]
    ]
}