{
    "seed": 837,
    "timestamp": "2025-05-22",
    "backend_params": {
        "type": "Aer_sim",
        "initial_layout": null
    },
    "noise_params": {
        "p_DP1": 0.008,
        "p_DP2": 0.054,
        "p_AD1": 0,
        "p_AD2": 0,
        "p_meas": [
            [
                1,
                0
            ],
            [
                0,
                1
            ]
        ]
    },
    "protocol_params": {
        "name": "DensMat",
        "num_samples": 0
    },
    "circuit_params": {
        "choice": "HEA_RIGETTI",
        "num_qubits_min": 2,
        "num_qubits_max": 2,
        "num_qubits_step": 1,
        "num_circuits": 1,
        "depth_min": 0,
        "depth_max": 15,
        "depth_step": 1,
        "num_layers": 15,
        "rx_only": false,
        "angles": {
            "0": [
                [
                    5.60276985004728,
                    2.5348372536938473,
                    3.399793239166078,
                    0.03273732674163532
                ],
                [
                    4.182110053198207,
                    1.1142004739866702,
                    2.774917685217022,
                    3.074909341493011
                ],
                [
                    4.0186899197586206,
                    2.137226975315899,
                    3.3427478020134913,
                    0.787874414438104
                ],
                [
                    0.8287063186437177,
                    4.642464673700112,
                    5.630249125994774,
                    1.6049972010431368
                ],
                [
                    1.825906080165853,
                    2.453939760107664,
                    0.8576933455132006,
                    3.3482008477928566
                ],
                [
                    4.459821407159138,
                    2.4947583280146834,
                    1.7733581927898734,
                    0.7383266317557151
                ],
                [
                    3.708067370956217,
                    1.345728365605836,
                    0.7209125363963292,
                    1.9006574662143645
                ],
                [
                    4.384146794650401,
                    3.8720448006213037,
                    5.307559984637271,
                    1.2955208551645532
                ],
                [
                    1.3413239865499633,
                    3.297833173269056,
                    0.5337255783057647,
                    2.6308932127791453
                ],
                [
                    1.7780437854128128,
                    1.3609957894460514,
                    1.0297992602226544,
                    0.7357947115306249
                ],
                [
                    5.36124635345559,
                    4.403710364225043,
                    3.8466279381111264,
                    1.2266250593504002
                ],
                [
                    0.17928939439055963,
                    1.5440809450329396,
                    5.826887266888972,
                    4.296125563577655
                ],
                [
                    5.677231482785123,
                    6.184859644698892,
                    1.3650465244772334,
                    4.25191503921639
                ],
                [
                    1.331979626801079,
                    4.220415685708717,
                    4.698852251284781,
                    1.8935765550949701
                ],
                [
                    2.096589720171644,
                    5.2128610109442635,
                    2.266017723818575,
                    5.407640689877395
                ]
            ]
        }
    },
    "csv_files": {},
    "metrics_file": "Qiskit_DensityMatrix_Q2_D15Aer_sim/DensMat_HEA_RIGETTI/metrics/n2-2_D0-15-1_DP0.008-0.054_AD0-0.json",
    "metrics_estimation_file": ""
}