{
    "all_pur_mean_diff_n": [
        [
            0.746551288690477,
            0.4262374784226199,
            0.27502361309523804,
            0.2178009092261899,
            0.1719131160714286,
            0.1740862046130951,
            0.1685133035714287,
            0.1515356577380952,
            0.1513793385416666,
            0.15071939285714273,
            0.14896640401785724,
            0.14416980803571441,
            0.14617688988095276,
            0.143419924107143,
            0.1433167961309523,
            0.14339740625000044
        ]
    ],
    "all_pur_std_diff_n": [
        [
            0.06609557224540322,
            0.03545818523828424,
            0.03201370620543836,
            0.002595573128919451,
            0.0021205477051383227,
            0.008664733235906592,
            0.004742411237048886,
            0.002659893653846885,
            0.0036848755841160726,
            0.005956917139728364,
            0.001577781345472598,
            0.0023168817777559627,
            0.0005922947971753835,
            0.001981841382184585,
            0.0009100624029786742,
            0.003202458786012316
        ]
    ],
    "all_R2d_mean_diff_n": [
        [
            0.1424906770624849,
            0.41171047922945453,
            0.6239403739822951,
            0.7330069262244945,
            0.8467862936594285,
            0.8413053451712044,
            0.8565475975908883,
            0.9074973730660078,
            0.9080622006677456,
            0.9104038176970303,
            0.9156740815729504,
            0.9314487376931315,
            0.9247415572827795,
            0.9339399199748396,
            0.9342498022817445,
            0.9340885552651118
        ]
    ],
    "all_R2d_std_diff_n": [
        [
            0.043311705121255525,
            0.039207428796616865,
            0.054556778432073086,
            0.005739978392633034,
            0.0059581950619756385,
            0.023963868862528437,
            0.013637775775129632,
            0.008415109738836492,
            0.011693554844754558,
            0.019278207006299956,
            0.005104251772700771,
            0.0077559202961877075,
            0.0019457848826228987,
            0.0066229171944661895,
            0.0030476163665412955,
            0.010666234458693833
        ]
    ]
}