{
    "all_vNd_diff_n": [
        [
            0.0,
            0.29404543708187325,
            0.5061800076747824,
            0.6734938008405713,
            0.7882002906421337,
            0.8678418945467865,
            0.9176503449332085,
            0.9492681145047104,
            0.9688594988489179,
            0.9811141181839922,
            0.9886633565404177,
            0.9932494920501072,
            0.9960512502643614,
            0.9976620826317785,
            0.998642727920425,
            0.9991993478457865
        ]
    ],
    "all_pur_diff_n": [
        [
            1.0,
            0.6339321798398048,
            0.3927635035112248,
            0.23758363961178322,
            0.14811263009040843,
            0.09592036448149881,
            0.06715013493046201,
            0.05111409795898953,
            0.04227283299916294,
            0.037352631192052906,
            0.03463876809243994,
            0.03313887732216704,
            0.03229560129436373,
            0.03184162222258874,
            0.03158144738936565,
            0.0314400430644316
        ]
    ],
    "all_R2d_diff_n": [
        [
            -0.0,
            0.1315199181103487,
            0.2696534435100995,
            0.4146985203217911,
            0.5510466850562045,
            0.676403809801991,
            0.7792931782379149,
            0.8580269857874546,
            0.9128250778096365,
            0.9485292633867191,
            0.9702937134808804,
            0.9830662923928462,
            0.9905037017076654,
            0.9945884703209318,
            0.996955779563262,
            0.9982505992142711
        ]
    ]
}