{
    "all_vNd_diff_n": [
        [
            0.0,
            1.5700204850849713e-06,
            1.421918854754322e-06,
            1.4918136836302717e-06,
            1.445748541143448e-06,
            1.508636789326125e-06,
            1.530383087389934e-06,
            1.5101806699128225e-06,
            1.5561583944545406e-06,
            1.4580118079587634e-06,
            1.444703228203552e-06,
            1.5894182950368342e-06,
            1.4963144546256796e-06,
            1.5164889525030448e-06,
            1.5789165420914293e-06,
            1.4664942383580757e-06
        ]
    ],
    "all_pur_diff_n": [
        [
            1.0,
            0.9999999624275214,
            1.0000000608348367,
            0.9999999889858762,
            1.0000000052491012,
            0.999999974892002,
            1.000000004657688,
            1.0000000147273342,
            0.9999999551010923,
            1.0000000533506646,
            1.000000008472202,
            0.9999999455397437,
            0.9999999971601514,
            1.000000001468235,
            0.9999999513699442,
            1.0000000144704786
        ]
    ],
    "all_R2d_diff_n": [
        [
            -0.0,
            1.0841125905850802e-08,
            -1.755322291699062e-08,
            3.1780043848562298e-09,
            -1.514570436749115e-09,
            7.2446369352470714e-09,
            -1.343924676558531e-09,
            -4.249410383714333e-09,
            1.295508658768778e-08,
            -1.5393747425060374e-08,
            -2.444560766528968e-09,
            1.5713908767135937e-08,
            8.19407093384047e-10,
            -4.236430960592971e-10,
            1.4031668397818066e-08,
            -4.175297510917289e-09
        ]
    ]
}