{
    "all_vNd_diff_n": [
        [
            0.31404549516007035,
            0.5363344157281774,
            0.7052542199423016,
            0.8172752447532639,
            0.8901210445914979,
            0.934877714907819,
            0.9627961055761061,
            0.9788979137422178,
            0.988292415938257,
            0.9936105262099888,
            0.9965678363079159,
            0.9981724404570939,
            0.9990282393892101,
            0.9994904467686357,
            0.999735877096786
        ]
    ],
    "all_pur_diff_n": [
        [
            0.5602595858976345,
            0.3050339347664083,
            0.16211861045887044,
            0.08919511030359237,
            0.05243139539077257,
            0.03399852890557075,
            0.024690815595725397,
            0.020137112132648745,
            0.0178701553123448,
            0.01674156718798324,
            0.016181254617016576,
            0.015903989088443232,
            0.015766595527920407,
            0.015696732257341223,
            0.015661275603179977
        ]
    ],
    "all_R2d_diff_n": [
        [
            0.1393054444664784,
            0.2854930574474,
            0.43747972997942886,
            0.5811485943890792,
            0.7089042080049284,
            0.8130639777576111,
            0.8899802828159529,
            0.938999898130906,
            0.967717336108361,
            0.9834036006718119,
            0.9915887863338987,
            0.995744586263197,
            0.9978308360574002,
            0.9988986565619888,
            0.9994424109266596
        ]
    ]
}