{
    "all_vNd_diff_n": [
        [
            0.0,
            0.271262547292728,
            0.4724799777647669,
            0.6362920574267713,
            0.7525695839350499,
            0.837084203064624,
            0.8926343446559507,
            0.9298165129854595,
            0.9542259780750676,
            0.9704206409249583,
            0.9810360581061264,
            0.9879169485363274,
            0.9924146048588589,
            0.995193014495958,
            0.9970043066384229,
            0.9981124714258843
        ]
    ],
    "all_pur_diff_n": [
        [
            1.0,
            0.6646184113918494,
            0.432006782518223,
            0.2739455436130661,
            0.17746271800080354,
            0.11755789184202499,
            0.08233793016163557,
            0.06140442507672201,
            0.04907982436133859,
            0.041767206858905545,
            0.0374705513046116,
            0.034941253943207164,
            0.033428110244319686,
            0.0325585399738424,
            0.0320302128484962,
            0.03172364433674879
        ]
    ],
    "all_R2d_diff_n": [
        [
            -0.0,
            0.1178803670955882,
            0.24217482639389432,
            0.37360779199545274,
            0.4988824249889888,
            0.6177113404618366,
            0.7204598015218135,
            0.8051027126788318,
            0.8697452207280462,
            0.9162971043735106,
            0.9476197971128766,
            0.967784961265744,
            0.9805588781706402,
            0.9881640367302099,
            0.9928845609146946,
            0.9956595351680727
        ]
    ]
}