{
    "all_vNd_diff_n": [
        [
            0.0,
            3.880518247394459e-16,
            4.491059675799009e-16,
            1.7477374739772142e-16,
            3.1979254124255157e-15,
            7.221690730917328e-16,
            1.1399395010035376e-15,
            1.4453033589948236e-15,
            4.814821665176229e-15,
            9.043684461079108e-15,
            6.665218231386349e-15,
            1.236991351055221e-14,
            1.301416335527119e-14,
            1.6348901614075364e-14,
            1.6029032301760015e-14,
            1.447428628026773e-14
        ]
    ],
    "all_pur_diff_n": [
        [
            1.0,
            1.0000000000000002,
            1.0000000000000007,
            1.0000000000000007,
            1.0000000000000004,
            1.0000000000000004,
            1.0000000000000002,
            1.0,
            1.0000000000000002,
            0.9999999999999998,
            0.9999999999999991,
            0.9999999999999991,
            0.9999999999999991,
            0.9999999999999993,
            0.9999999999999989,
            0.9999999999999982
        ]
    ],
    "all_R2d_diff_n": [
        [
            -0.0,
            -1.6017132519074586e-16,
            -4.805139755722375e-16,
            -4.805139755722375e-16,
            -3.203426503814917e-16,
            -3.203426503814917e-16,
            -1.6017132519074586e-16,
            -0.0,
            -1.6017132519074586e-16,
            1.601713251907459e-16,
            6.406853007629838e-16,
            6.406853007629838e-16,
            6.406853007629838e-16,
            4.805139755722378e-16,
            8.008566259537299e-16,
            1.2813706015259682e-15
        ]
    ]
}