{
    "all_vNd_diff_n": [
        [
            0.0,
            0.2907969531134102,
            0.5023916312404216,
            0.6686936199059974,
            0.7836816860246766,
            0.862398582787116,
            0.9134173241988491,
            0.947140240822956,
            0.9678772952802829,
            0.980831989696657,
            0.9887179871605102,
            0.9934496651008246,
            0.9962308285048467,
            0.9978417884249716,
            0.9987820639830479,
            0.9993207116020565
        ]
    ],
    "all_pur_diff_n": [
        [
            1.0,
            0.5941554191038299,
            0.3438117866145155,
            0.1938960022447708,
            0.1117722097866734,
            0.0672375259232569,
            0.04325684000195175,
            0.030268005663950676,
            0.023434796461093015,
            0.019787953591909928,
            0.017840271646227694,
            0.016804877938958847,
            0.01625612981580907,
            0.015965100869344696,
            0.015807877550868002,
            0.01572325050099319
        ]
    ],
    "all_R2d_diff_n": [
        [
            -0.0,
            0.12518128908301288,
            0.2567181817508783,
            0.3944408394463059,
            0.5268944271861761,
            0.6490982582887354,
            0.7551546520604465,
            0.841010428260866,
            0.9025339875306356,
            0.9432056281117834,
            0.9681197678409248,
            0.9824960210006738,
            0.9904787269407117,
            0.9948224202874361,
            0.9972020854886309,
            0.9984927816554788
        ]
    ]
}