{
    "all_pur_mean_diff_n": [
        [
            1.0,
            0.6637434895833334,
            0.43147135416666665,
            0.2739778645833333,
            0.17707031250000008,
            0.11679036458333332,
            0.08208333333333329,
            0.06027343750000003,
            0.050611979166666675,
            0.04406250000000004,
            0.03752604166666673,
            0.03567708333333338,
            0.034329427083333273,
            0.03343750000000001,
            0.0316145833333333,
            0.03310546874999994
        ]
    ],
    "all_pur_std_diff_n": [
        [
            0.0,
            0.0009178071296848475,
            0.0005636682505707291,
            0.0020817254537523295,
            0.000719747100495618,
            0.001041503893532301,
            0.0013719534984502134,
            0.0033226477694558018,
            0.0018008570385051757,
            0.0030015915781387314,
            0.0010337836484136658,
            0.002023305108817773,
            0.0012441200136200019,
            0.0017417524447452422,
            0.0028089863999794635,
            0.003176015872585759
        ]
    ],
    "all_R2d_mean_diff_n": [
        [
            0.0,
            0.11826073392210756,
            0.24253290893694168,
            0.37358205143912676,
            0.49952353350289497,
            0.619612794188061,
            0.721393984693591,
            0.8109042027898424,
            0.8610613424165844,
            0.9015449713488838,
            0.9473011403382102,
            0.962225248077433,
            0.9730728464352566,
            0.9808612013124192,
            0.9977550025021896,
            0.9846559187176624
        ]
    ],
    "all_R2d_std_diff_n": [
        [
            0.0,
            0.0003991100321407829,
            0.00037677524622077086,
            0.002186677076315233,
            0.001173235722815453,
            0.0025651763842175343,
            0.004850154493852679,
            0.015879172313990563,
            0.010402005972825291,
            0.01997317601023227,
            0.007885251047547635,
            0.01608437557490438,
            0.01050984065953258,
            0.01479490498744033,
            0.025001005564878415,
            0.027219355146346085
        ]
    ]
}