{
    "all_vNd_diff_n": [
        [
            0.0,
            0.27126253404950523,
            0.47247997291098864,
            0.6362920454940393,
            0.7525695689092642,
            0.8370841936192785,
            0.8926343460974395,
            0.9298165105884604,
            0.9542259803548754,
            0.970420641592105,
            0.9810360593905191,
            0.9879169470385959,
            0.9924146044713412,
            0.9951930141045269,
            0.9970043072786783,
            0.9981124720463219
        ]
    ],
    "all_pur_diff_n": [
        [
            1.0,
            0.6646184117308547,
            0.4320067852868966,
            0.2739455491811018,
            0.17746272578314504,
            0.1175578958557813,
            0.08233792754244781,
            0.06140442528210345,
            0.0490798233537319,
            0.04176720701688776,
            0.03747055086287428,
            0.03494125444739596,
            0.033428110399057326,
            0.032558540096309985,
            0.03203021266862903,
            0.03172364417826232
        ]
    ],
    "all_R2d_diff_n": [
        [
            -0.0,
            0.11788036694841164,
            0.24217482454468647,
            0.3736077861308,
            0.49888241233557595,
            0.6177113306103055,
            0.7204598107003033,
            0.8051027117137457,
            0.8697452266517398,
            0.9162971032821275,
            0.9476198005144397,
            0.9677849571022377,
            0.9805588768350025,
            0.9881640356448825,
            0.9928845625349989,
            0.9956595366095694
        ]
    ]
}