{
    "all_pur_mean_diff_n": [
        [
            0.6557019397321442,
            0.37627869419642923,
            0.24591697767857162,
            0.15309843080357108,
            0.14331770758928586,
            0.1401634062500001,
            0.1509865111607143,
            0.14222458258928564,
            0.14002051339285715,
            0.13924469419642876,
            0.1398706852678572,
            0.13480150669642868,
            0.13906051562499996,
            0.13676173883928588,
            0.1360129642857142,
            0.13585673214285718
        ]
    ],
    "all_pur_std_diff_n": [
        [
            0.0,
            0.0,
            0.0,
            0.0,
            0.0,
            0.0,
            0.0,
            0.0,
            0.0,
            0.0,
            0.0,
            0.0,
            0.0,
            0.0,
            0.0,
            0.0
        ]
    ],
    "all_R2d_mean_diff_n": [
        [
            0.2029626440541219,
            0.47004216400927873,
            0.6745855851231793,
            0.9024895330030726,
            0.9342370741304777,
            0.9449394513486791,
            0.909169475710108,
            0.937919082657138,
            0.9454299644719028,
            0.9481019129908598,
            0.9459448224229074,
            0.9636971576870262,
            0.9487384169465938,
            0.9567544746429767,
            0.9593946413840552,
            0.9599473457751637
        ]
    ],
    "all_R2d_std_diff_n": [
        [
            0.0,
            0.0,
            0.0,
            0.0,
            0.0,
            0.0,
            0.0,
            0.0,
            0.0,
            0.0,
            0.0,
            0.0,
            0.0,
            0.0,
            0.0,
            0.0
        ]
    ]
}