{
    "all_pur_mean_diff_n": [
        [
            0.5687511666666666,
            0.2831522820512821,
            0.19059843589743589,
            0.151983641025641,
            0.13461869230769238,
            0.140192235042735,
            0.1402031965811966,
            0.13513458119658114,
            0.13619840170940173,
            0.13508420940170937,
            0.13635217948717948,
            0.13438507692307694,
            0.1370251923076923,
            0.13619631623931625,
            0.13425047863247863,
            0.13540050427350428
        ]
    ],
    "all_pur_std_diff_n": [
        [
            0.0030487230568631268,
            0.02258368372259114,
            0.01015470921500946,
            0.005541211360127575,
            0.0029517677525883602,
            0.0015100112971442301,
            0.0008273394429367276,
            0.0013364697008008048,
            0.0016145776509143583,
            0.0016003058274015826,
            0.0008817919898776142,
            0.0014905844447599063,
            0.000935692496060536,
            0.0001796782000415209,
            0.0006485824937408169,
            0.0004478522540978034
        ]
    ],
    "all_R2d_mean_diff_n": [
        [
            0.2713837372216411,
            0.6083783034852707,
            0.7978036162345356,
            0.9063213017507459,
            0.9644665285018288,
            0.9448684755677815,
            0.9448113064741047,
            0.9625338671151015,
            0.9587731760958476,
            0.962723256710846,
            0.9582068387299357,
            0.9652145065097454,
            0.9558402030477233,
            0.9587472223013185,
            0.9656725562455483,
            0.96156762884551
        ]
    ],
    "all_R2d_std_diff_n": [
        [
            0.00257680710843888,
            0.039568468729876724,
            0.025351808300419224,
            0.017436692152307424,
            0.010622373177706881,
            0.005183873668690135,
            0.0028334179883962914,
            0.004749034620493623,
            0.005693881735094017,
            0.0056750473888830455,
            0.003111037986972739,
            0.005316783137224207,
            0.0032865970285375005,
            0.0006341384416415835,
            0.0023201193112369063,
            0.0015924171110177749
        ]
    ]
}