{
    "seed": 837,
    "timestamp": "2025-04-09",
    "backend_params": {
        "type": "Aer_sim",
        "initial_layout": null
    },
    "noise_params": {
        "p_DP1": 0.008,
        "p_DP2": 0.054,
        "p_AD1": 0,
        "p_AD2": 0,
        "p_meas": [
            [
                0.978,
                0.022
            ],
            [
                0.035,
                0.965
            ]
        ]
    },
    "protocol_params": {
        "name": "CS",
        "num_samples": 3,
        "num_groups": 5,
        "M": 320,
        "K": 1000,
        "protocol_choice": "randomized",
        "artif_randomized": null
    },
    "circuit_params": {
        "choice": "HEA_RIGETTI",
        "num_qubits_min": 3,
        "num_qubits_max": 3,
        "num_qubits_step": 1,
        "num_circuits": 1,
        "depth_min": 0,
        "depth_max": 15,
        "depth_step": 1,
        "num_layers": 15,
        "rx_only": false,
        "angles": {
            "0": [
                [
                    5.60276985004728,
                    2.5348372536938473,
                    3.399793239166078,
                    0.03273732674163532,
                    4.182110053198207,
                    1.1142004739866702
                ],
                [
                    2.774917685217022,
                    3.074909341493011,
                    4.0186899197586206,
                    2.137226975315899,
                    3.3427478020134913,
                    0.787874414438104
                ],
                [
                    0.8287063186437177,
                    4.642464673700112,
                    5.630249125994774,
                    1.6049972010431368,
                    1.825906080165853,
                    2.453939760107664
                ],
                [
                    0.8576933455132006,
                    3.3482008477928566,
                    4.459821407159138,
                    2.4947583280146834,
                    1.7733581927898734,
                    0.7383266317557151
                ],
                [
                    3.708067370956217,
                    1.345728365605836,
                    0.7209125363963292,
                    1.9006574662143645,
                    4.384146794650401,
                    3.8720448006213037
                ],
                [
                    5.307559984637271,
                    1.2955208551645532,
                    1.3413239865499633,
                    3.297833173269056,
                    0.5337255783057647,
                    2.6308932127791453
                ],
                [
                    1.7780437854128128,
                    1.3609957894460514,
                    1.0297992602226544,
                    0.7357947115306249,
                    5.36124635345559,
                    4.403710364225043
                ],
                [
                    3.8466279381111264,
                    1.2266250593504002,
                    0.17928939439055963,
                    1.5440809450329396,
                    5.826887266888972,
                    4.296125563577655
                ],
                [
                    5.677231482785123,
                    6.184859644698892,
                    1.3650465244772334,
                    4.25191503921639,
                    1.331979626801079,
                    4.220415685708717
                ],
                [
                    4.698852251284781,
                    1.8935765550949701,
                    2.096589720171644,
                    5.2128610109442635,
                    2.266017723818575,
                    5.407640689877395
                ],
                [
                    1.8660508884061717,
                    3.324023122225274,
                    2.440341277631768,
                    5.9595894370212665,
                    2.5973514646157274,
                    2.04729362036103
                ],
                [
                    0.05884742591207343,
                    0.7656022774897328,
                    5.338415208154576,
                    5.176231250414508,
                    4.255234482723791,
                    2.7378939165115583
                ],
                [
                    5.940462095255816,
                    5.4605546274387375,
                    1.993495699305672,
                    4.992027479982712,
                    1.0110306808145268,
                    2.5285671528764335
                ],
                [
                    2.7268231008067323,
                    3.637469244309254,
                    4.546641176015984,
                    5.611934217601013,
                    3.837920760449412,
                    1.050831841908555
                ],
                [
                    1.1066174455084532,
                    6.171435119183639,
                    4.6234847438267614,
                    0.10839866525383322,
                    3.5405066478066782,
                    3.195175285183259
                ]
            ]
        }
    },
    "csv_files": {
        "3": "C:/results/Aer_sim/CS_HEA_RIGETTI/3Q/Data/random/D15_M320_K1000_DP0.008-0.054_AD0-0_meas0.022-0.035_with.csv"
    },
    "metrics_file": "C:/results/Aer_sim/CS_HEA_RIGETTI/metrics/n3-3_D0-15-1_M320_K1000_grps5_spls3_random_DP0.008-0.054_AD0-0_meas0.022-0.035_with.json",
    "metrics_estimation_file": ""
}