{
    "all_vNd_diff_n": [
        [
            0.0,
            0.2186289715193444,
            0.3635119200338213,
            0.4755438085470476,
            0.5707969575035645,
            0.6489027178704279,
            0.7047537771388893,
            0.7573753065612652,
            0.797632543573028,
            0.8320379613795937,
            0.85962276256004,
            0.8826041151372843,
            0.9020765254500371,
            0.9180421139545702,
            0.931019034205453,
            0.9423857245958998
        ]
    ],
    "all_pur_diff_n": [
        [
            1.0,
            0.8791887273401897,
            0.7757431595122304,
            0.6886067011221348,
            0.610763492368348,
            0.5450188972860519,
            0.49732641714490083,
            0.45209835585635644,
            0.41744962854979617,
            0.38790575345057476,
            0.36431384748706563,
            0.34480501286459736,
            0.3284031365140298,
            0.3150696114687002,
            0.3043322270594814,
            0.29500721812254527
        ]
    ],
    "all_R2d_diff_n": [
        [
            -0.0,
            0.09287760311418153,
            0.18317451236674426,
            0.269123937218759,
            0.35565713274272903,
            0.4378109209867649,
            0.5038675140855846,
            0.5726457119310875,
            0.6301629846091711,
            0.6831109603429261,
            0.7283731311258981,
            0.7680736730168282,
            0.8032300944040508,
            0.83312874103332,
            0.858140489855098,
            0.8805889203383024
        ]
    ]
}