{
    "all_vNd_diff_n": [
        [
            0.0,
            1.0005906722824194e-15,
            3.693345444192872e-15,
            5.85350352584491e-15,
            6.307081019707358e-15,
            6.873764293726224e-15,
            8.610709891083965e-15,
            9.194595984933698e-15,
            1.0379102476067635e-14,
            1.005493681246462e-14,
            1.0960230467150276e-14,
            1.1292933239829666e-14,
            1.2049104237104349e-14,
            1.1680255584981131e-14,
            1.2900064880090247e-14,
            1.2703552798970361e-14
        ]
    ],
    "all_pur_diff_n": [
        [
            1.0,
            1.0000000000000004,
            1.0000000000000004,
            1.0000000000000002,
            0.999999999999999,
            0.9999999999999988,
            0.9999999999999979,
            0.9999999999999979,
            0.9999999999999979,
            0.9999999999999973,
            0.9999999999999977,
            0.9999999999999973,
            0.9999999999999969,
            0.999999999999997,
            0.9999999999999962,
            0.9999999999999964
        ]
    ],
    "all_R2d_diff_n": [
        [
            -0.0,
            -1.281370601525967e-16,
            -1.281370601525967e-16,
            -6.406853007629835e-17,
            2.8830838534334278e-16,
            3.5237691541964115e-16,
            6.08651035724835e-16,
            6.08651035724835e-16,
            6.08651035724835e-16,
            7.688223609155813e-16,
            6.727195658011335e-16,
            7.688223609155813e-16,
            8.969594210681784e-16,
            8.649251560300291e-16,
            1.0891650112970741e-15,
            1.0250964812207755e-15
        ]
    ]
}